3001,03/01/2019,in Progress
3002,03/01/2019,in Progress
3003,05/03/2019,in Progress
3004,08/12/2019,in Progress
3005,01/02/2019,in Progress
3006,11/12/2018,in Progress
3007,02/03/2019,in Progress
3008,11/06/2019,in Progress
3009,07/02/2019,in Progress
3010,12/08/2019,in Progress
3011,12/09/2019,in Progress
3012,03/08/2019,in Progress
3013,08/10/2019,in Progress
3014,08/06/2019,in Progress
3015,01/10/2019,in Progress
3016,01/03/2019,in Progress
3017,02/12/2019,in Progress
3018,08/11/2019,in Progress
3019,05/03/2019,in Progress
3020,04/07/2019,in Progress
3021,10/02/2019,in Progress
3022,02/03/2019,in Progress
3023,04/06/2019,in Progress
3024,03/12/2018,Completed
3025,03/01/2019,in Progress
3026,03/01/2019,in Progress
3027,05/03/2019,in Progress
3028,08/12/2019,in Progress
3029,01/02/2019,in Progress
3030,11/12/2018,Completed
3031,02/03/2019,in Progress
3032,11/06/2019,in Progress
3033,07/02/2019,in Progress
3034,12/08/2019,in Progress
3035,12/09/2019,in Progress
3036,03/08/2019,in Progress
3037,08/10/2019,in Progress
3038,08/06/2019,in Progress
3039,01/10/2019,in Progress
3040,01/03/2019,in Progress
3041,02/12/2019,in Progress
3042,08/11/2019,in Progress
3043,05/03/2019,in Progress
3044,04/07/2019,in Progress
3045,10/02/2019,in Progress
3046,02/03/2019,in Progress
3047,04/06/2019,in Progress
3048,03/12/2018,Completed
3049,03/01/2019,in Progress
3050,03/01/2019,in Progress
3051,05/03/2019,in Progress
3052,08/12/2019,in Progress
3053,01/02/2019,in Progress
3054,11/12/2018,Completed
3055,02/03/2019,in Progress
3056,11/06/2019,in Progress
3057,07/02/2019,in Progress
3058,12/08/2019,in Progress
3059,12/09/2019,in Progress
3060,03/08/2019,in Progress
3061,08/10/2019,in Progress
3062,08/06/2019,in Progress
3063,01/10/2019,in Progress
3064,01/03/2019,in Progress
3065,02/12/2019,in Progress
3066,08/11/2019,in Progress
3067,05/03/2019,in Progress
3068,04/07/2019,in Progress
3069,10/02/2019,in Progress
3070,02/03/2019,in Progress
